Curriculum:,Spring,2015,as of,2/2/2015 21:45,,,,,,,,
Course,Section,Cr,Days,Times,Title,DistReq,Diversity,Room,Reg,Max,Exam,Faculty
AA256,A,4,TR, 1:00pm- 2:15pm,African-American Art (See AR256),A,U , ,0, , ,Sheehan    
AA355,A,4,T, 1:00pm- 3:30pm,African-American Women and Social Change (See SO355),,U , ,0, , ,Gilkes     
AA498,A,4,W, 1:00pm- 3:30pm,Anthropology of Creativity (See AY498),, , ,0, , ,Bhimull    
AM171,A,4,TR, 1:00pm- 2:15pm,Introduction to American Studies,, ,LOVE 208,30,30,4,Saltz      
AM222,A,4,M, 7:00pm- 9:30pm,Maine's Musical Soundscapes: Ethnography of Maine (See MU222),A, , ,0, , ,Zelensky   
AM232,A,4,MW,11:00am-12:15pm,Queer Identities and Politics (See WG232),,U , ,0, , ,Beam       
AM234,A,4,MW, 2:30pm- 3:45pm,From Rockabilly Kings to Lady Gaga: A History of Rock 'n' Roll (See MU234),A, , ,0, , ,Zelensky   
AM241,A,4,MW,11:00am-12:15pm,Cultural Work of American Football,, ,MILL 253,15,15,1,Lisle      
AM256,A,4,TR, 1:00pm- 2:15pm,African-American Art (See AR256),A,U , ,0, , ,Sheehan    
AM276,A,4,TR, 9:30am-10:45am,African-American Culture in the United States,S,U ,LOVE 100,38,60,8,Gilkes     
AM334,A,4,TR, 9:30am-10:45am,Film and Society: Films of the 1940s,,U ,LOVE 215,14,30,8,Saltz      
AM357,A,4,T, 1:00pm- 3:30pm,"Civil Rights, Black Power, and Social Change (See SO357)",S,U , ,0, , ,Gilkes     
AM368,A,4,TR, 2:30pm- 3:45pm,Great Books by American Women of Color: from Hurston to Danticat,L,U ,MILL 008,25,25,3,Mannocchi  
AM398A,A,4,M, 1:00pm- 3:30pm,"Activism, Inc.: Queer and Feminist Organizing since 1969",,U ,MILL 241,15,15,2,Beam       
AM398B,A,4,R, 1:00pm- 3:30pm,Mothership Earth: Designing the American Seventies,, ,MILL 253,6,20,0,Lisle      
AM457,A,4,MWF,11:00am-11:50am,American Gothic Literature (See EN457),L,U , ,0, , ,Bryant     
AM493B,A,4,W, 1:00pm- 3:30pm,Seminar: American Cultural Geographies,,U ,MILL 253,9,15,0,Lisle      
AM498,A,4,W, 1:00pm- 3:30pm,Photography and Migration (See AR498),,U , ,0, , ,Sheehan    
AN154,A,3 to 4,TR, 9:30am-10:45am,Roman History,H, ,LOVE 213,25,30,8,"Roisman, J "
AN234,A,4,TR, 1:00pm- 2:15pm,In Search of a Strong Man: Greece in the Fourth Century (See CL234),H,I , ,0, , ,"Roisman, J "
AR101,A,4,MW,11:00am-12:15pm,Approaches to Art History,A, ,BIXL 154,20,20,0,Ameri      
AR101W,A,4,MWF,11:00am-11:50am,Approaches to Art History,"A,W1", ,BIXL 102,18,16, ,Weitz      
AR121,A,4,TR, 1:00pm- 2:15pm,Words and Images: Writing about Art,"A,W1", ,BIXL 075,16,16, ,Finch      Lessing     Timme      
AR131,A,4,MW,11:00am-12:50pm,Introduction to Studio Art,A, ,BIXL 283,17,16,0,Mitchell   
AR131,B,4,MW, 1:00pm- 2:50pm,Introduction to Studio Art,A, ,BIXL 283,16,16,0,Reed       
AR161,A,4,MW, 9:00am-10:50am,Sculpture I,A, ,BIXL 117,16,16,0,Borthwick  
AR162,A,4,MW,11:00am-12:50pm,Sculpture II,, ,BIXL 117,7,16,0,Borthwick  
AR234,A,4,TR,12:15pm- 2:05pm,Printmaking I,, ,BIXL 302,15,16,0,Reed       
AR235,A,4,TR,10:00am-11:50am,Printmaking II: Introduction to Intaglio Techniques,, ,BIXL 302,4,16,0,Reed       
AR242,A,4,TR, 2:00pm- 3:50pm,Painting II,, ,BIXL 250,7,16,0,Engman     
AR252,A,4,TR, 9:30am-10:45am,Medicine and Visual Culture,A, ,BIXL 154,28,25,8,Sheehan    
AR256,A,4,TR, 1:00pm- 2:15pm,African-American Art,A,U ,BIXL 154,26,25,4,Sheehan    
AR262,A,4,MW, 2:00pm- 3:50pm,Sculpture IV,, ,BIXL 117,0,16,0,Borthwick  
AR274,A,4,MWF, 1:00pm- 1:50pm,"Survey of East Asian Art, 1300 to the Present",A, ,BIXL 154,16,25,2,Weitz      
AR276,A,4,TR,11:00am-12:15pm,Zen and the Arts in Asia,A, ,BIXL 154,25,25,7,Weitz      
AR281,A,4,TR,10:00am-11:50am,Photography I,, ,BIXL 278,12,12,0,Gottesman  
AR313,A,4,MW, 2:30pm- 3:45pm,Early Medieval Art,, ,BIXL 154,6,25,5,Ameri      
AR338,A,4,TR, 2:30pm- 3:45pm,Surrealism,, ,BIXL 154,11,25,0,Plesch     
AR341,A,4,TR,11:00am-12:50pm,Painting III,, ,BIXL 250,2,16,0,Engman     
AR342,A,4,TR,11:00am-12:50pm,Painting IV,, ,BIXL 250,5,16,0,Engman     
AR362,A,4,MW, 2:00pm- 3:50pm,Sculpture VI,, ,BIXL 117,0,16,0,Borthwick  
AR381,A,4,TR, 2:00pm- 3:50pm,Photography III: Color and Digital Photography,, ,BIXL 278,8,12,0,Gottesman  
AR382,A,4,TR, 2:00pm- 3:50pm,Photography IV,, ,BIXL 278,3,12,0,Gottesman  
AR402,A,1,W, 7:00pm- 8:30pm,Senior Studio Art Capstone,, , ,7,12, ,Borthwick  Engman     Gottesman  Mitchell   Reed        
AR441,A,4,TR,11:00am-12:50pm,Painting V,, ,BIXL 250,0,16,0,Engman     
AR442,A,4,TR,11:00am-12:50pm,Painting VI,, ,BIXL 250,0,16,0,Engman     
AR443,A,4,TR,11:00am-12:50pm,Painting VII,, ,BIXL 250,0,16,0,Engman     
AR444,A,4,TR,11:00am-12:50pm,Painting VIII,, ,BIXL 250,0,16,0,Engman     
AR472,A,4,M, 7:00pm- 9:30pm,"Seminar: Food in Art, Food as Art",, ,BIXL 102,7,15,0,Plesch     
AR481,A,4,TR, 2:00pm- 3:50pm,Photography V,, ,BIXL 278,5,12,0,Gottesman  
AR482,A,4,TR, 2:00pm- 3:50pm,Photography VI,, ,BIXL 278,0,12,0,Gottesman  
AR485,A,4,TR, 2:00pm- 3:50pm,Photography VII,, ,BIXL 278,0,12,0,Gottesman  
AR498,A,4,W, 1:00pm- 3:30pm,Photography and Migration,,U ,BIXL 150,12,12,0,Sheehan    
AS151,A,3,MWF, 1:00pm- 1:50pm,"Stars, Stellar Systems, and Cosmology",N, ,KEYE 105,34,35,2,McGrath    
AS151 L,A,1,T, 1:00pm- 3:50pm,Stars and Stellar Systems Laboratory,"N,Lb", ,KEYE 114,14,16, ,McGrath    
AS172,A,3,MWF,11:00am-11:50am,Extraterrestrial Life,N, ,LOVE 100,38,35,1,Kocevski   
AS342,A,4,WF, 2:30pm- 3:45pm,Galaxies and Cosmology,, ,MUDD 311,18,20,5,Kocevski   
AY112,A,4,MWF, 9:00am- 9:50am,Cultural Anthropology,S,I ,DIAM 145,30,30,15,Strohl     
AY112,B,4,MWF,10:00am-10:50am,Cultural Anthropology,S,I ,DIAM 141,30,30,12,MillsMaryB 
AY112,C,4,TR,11:00am-12:15pm,Cultural Anthropology,S,I ,LOVE 213,30,30,7,Menair     
AY211,A,3,TR,11:00am-12:15pm,Human Rights and Social Justice in Global Perspective (See GS211),, , ,0, , ,Razsa      
AY222,A,4,M, 7:00pm- 9:30pm,Maine's Musical Soundscapes: Ethnography of Maine (See MU222),A, , ,0, , ,Zelensky   
AY242,A,4,TR, 9:30am-10:45am,Anthropology of Latin America: City Life,, ,DIAM 323,10,20,8,"Tate, W    "
AY246,A,4,MW, 1:00pm- 2:15pm,Engaging Muslim Worlds,,I ,DIAM 323,15,20,2,Strohl     
AY262,A,4,TR, 2:30pm- 3:45pm,"Music in Life, Music as Culture: Introduction to Ethnomusicology (See MU262)",A, , ,0, , ,Zelensky   
AY276,A,4,TR, 9:30am-10:45am,African-American Culture in the United States (See AM276),S,U , ,0, , ,Gilkes     
AY278,A,4,MW, 1:00pm- 2:15pm,Language and Gender (See EA278),S,I , ,0, , ,Abe        
AY313,A,4,MW,11:00am-12:15pm,Researching Cultural Diversity,, ,DIAM 323,13,15,1,"Tate, W    "
AY333,A,4,T, 1:00pm- 3:30pm,Contemporary Theory,, ,DIAM 243,11,15,4,Bhimull    
AY353,A,4,M, 7:00pm- 9:30pm,Globalization and Human Rights in China (See EA353),S, , ,0, , ,Zhang      
AY361,A,4,T, 1:00pm- 3:30pm,"Militaries, Militarization, and War",S, ,DIAM 323,13,15,0,"Tate, W    "
AY363,A,4,R, 1:00pm- 3:30pm,Secrecy and Power,,I ,DIAM 343,15,15,0,Strohl     
AY451,A,4,T, 1:00pm- 3:30pm,Justice and Injustice in Global Europe (See GS451),, , ,0, , ,Razsa      
AY464,A,4,R, 1:00pm- 3:30pm,Anthropology of Food,, ,DIAM 323,7,15,0,MillsMaryB 
AY498,A,4,W, 1:00pm- 3:30pm,Anthropology of Creativity,, ,DIAM 243,15,15,5,Bhimull    
BC368,A,4 to 5,TR, 9:30am-10:45am,Biochemistry of the Cell II,, ,KEYE 103,19,36,8,Millard    
BC368,A,4 to 5,F,12:00n -12:50pm,Biochemistry of the Cell II,, ,LOVE 215,19,36,8,Millard    
BC368 L,A,,T,12:30pm- 4:30pm,Lab: Cell Biochemistry,, ,KEYE 303,10,12, ,Millard    
BC368 L,B,,W,12:30pm- 4:30pm,Lab: Cell Biochemistry,, ,KEYE 303,6,12, ,MitchellGe 
BC378,A,4,MWF,10:00am-10:50am,Molecular Biology,, ,OLIN 234,14,16,12,Johnson    
BC378,A,4,W, 1:00pm- 4:00pm,Molecular Biology,, ,AREY 205,14,16,12,Johnson    
BI133,A,4,TR,11:00am-12:15pm,Microorganisms and Society,"N,Lb", ,AREY 005,32,32,7,Fekete     
BI133 L,A,,M, 1:00pm- 4:00pm,Lab: Microorgn & Society,, ,AREY 307,16,16, ,Colby      
BI133 L,B,,T, 1:00pm- 4:00pm,Lab: Microorgn & Society,, ,AREY 307,16,16, ,Colby      
BI164,A,4,MWF, 9:00am- 9:50am,Evolution and Diversity,"N,Lb", ,OLIN 001,59,48,14,Wilson     
BI164,B,4,MWF,11:00am-11:50am,Evolution and Diversity,"N,Lb", ,OLIN 001,59,48,14,Wilson     
BI164 L,A1,,M, 1:00pm- 4:00pm,Lab: Evolutn & Diversity,, ,AREY 201,14,16, ,Staffiere  
BI164 L,A2,,M, 1:00pm- 4:00pm,Lab: Evolutn & Diversity,, ,AREY 202,14,16, ,Dalisio    
BI164 L,B1,,T, 1:00pm- 4:00pm,Lab: Evolutn & Diversity,, ,AREY 201,14,16, ,Staffiere  
BI164 L,B2,,T, 1:00pm- 4:00pm,Lab: Evolutn & Diversity,, ,AREY 202,16,16, ,Dalisio    
BI164 L,C1,,W, 1:00pm- 4:00pm,Lab: Evolutn & Diversity,, ,AREY 201,16,16, ,Colby      
BI164 L,C2,,W, 1:00pm- 4:00pm,Lab: Evolutn & Diversity,, ,AREY 202,13,16, ,Dalisio    
BI164 L,D1,,R, 1:00pm- 4:00pm,Lab: Evolutn & Diversity,, ,AREY 201,15,16, ,Staffiere  
BI164 L,D2,,R, 1:00pm- 4:00pm,Lab: Evolutn & Diversity,, ,AREY 202,14,16, ,Childers   
BI225,A,4,MWF, 9:00am- 9:50am,Immunology,, ,DIAM 141,32,32,15,Hannum     
BI225 L,A,,T, 1:00pm- 4:00pm,Lab: Immunology,, ,AREY 305,16,16, ,Hannum     
BI225 L,B,,W, 1:00pm- 4:00pm,Lab: Immunology,, ,AREY 305,16,16, ,Hannum     
BI275,A,4,MWF,12:00n -12:50pm,Human Physiology,, ,OLIN 001,36,36,17,Tilden     
BI275 L,A,,M, 1:00pm- 4:00pm,Lab: Human Physiology,, ,OLIN 332,12,12, ,Guay       
BI275 L,B,,W, 1:00pm- 4:00pm,Lab: Human Physiology,, ,OLIN 332,12,12, ,Guay       
BI275 L,C,,R, 1:00pm- 4:00pm,Lab: Human Physiology,, ,OLIN 332,12,12, ,Guay       
BI279,A,4,TR, 9:30am-10:45am,Genetics,, ,MUDD 405,33,36,8,Peck       
BI279 L,A,,T, 1:00pm- 4:00pm,Laboratory: Genetics,, ,AREY 001,12,12, ,Beachy     
BI279 L,B,,W, 1:00pm- 4:00pm,Laboratory: Genetics,, ,AREY 001,10,12, ,Peck       
BI279 L,C,,R, 1:00pm- 4:00pm,Laboratory: Genetics,, ,AREY 001,11,12, ,Beachy     
BI298,A,3,TR, 9:30am-10:45am,Microbes in the Environment,N, ,KEYE 105,16,30,8,Childers   
BI320,A,3,TR,11:00am-12:15pm,Evolutionary Analysis,, ,KEYE 102,21,20,7,"Stone, J.  "
BI327,A,3 to 4,TR,11:00am-12:15pm,The Biology of Cancer,, ,OLIN 001,33,32,7,MitchellGe 
BI327 D,A,,M,12:00n -12:50pm,Disc: Biology of Cancer,, ,OLIN 335,16,16, ,MitchellGe 
BI348,A,3,TR, 9:30am-10:45am,Pathogenic Bacteriology,, ,AREY 005,13,18,8,Fekete     
BI352,A,4,MWF, 9:00am- 9:50am,Advanced and Applied Ecology (See ES352),, , ,0, , ,Cole       
BI352,A,4,M, 1:00pm- 4:00pm,Advanced and Applied Ecology (See ES352),, , ,0, , ,Cole       
BI356,A,4,MWF,10:00am-10:50am,Aquatic Ecology (See ES356),, , ,0, , ,Bruesewitz 
BI356,A,4,W, 1:00pm- 4:00pm,Aquatic Ecology (See ES356),, , ,0, , ,Bruesewitz 
BI366,A,4,TR, 9:30am-10:45am,The Environment and Human Health (See ES366),N, , ,0, , ,Carlson    
BI368,A,4 to 5,TR, 9:30am-10:45am,Biochemistry of the Cell II (See BC368),, , ,0, , ,Millard    
BI368,A,4 to 5,F,12:00n -12:50pm,Biochemistry of the Cell II (See BC368),, , ,0, , ,Millard    
BI373,A,3 to 4,MWF,11:00am-11:50am,Animal Behavior,, ,LOVE 205,39,32,1,Bevier     
BI373 L,A,,T, 1:00pm- 4:00pm,Lab: Animal Behavior,, ,OLIN 223,19,16, ,Bevier     
BI374,A,3 to 4,TR, 9:30am-10:45am,Advanced Neurobiology,, ,OLIN 234,18,16,8,Ahmad      
BI374 L,A,,R, 1:00pm- 4:00pm,Optional Lab: Advanced Neurobiology,, ,AREY 205,9,16, ,Ahmad      
BI378,A,4,MWF,10:00am-10:50am,Molecular Biology (See BC378),, , ,0, , ,Johnson    
BI378,A,4,W, 1:00pm- 4:00pm,Molecular Biology (See BC378),, , ,0, , ,Johnson    
BI402,A,1,F, 1:00pm- 1:50pm,Biology Seminar (Applied Microbiology),, ,LOVE 302,10,12, ,Fekete     
BI402,B,1,F, 1:00pm- 1:50pm,Biology Seminar (Sustainable Agriculture),, ,OLIN 234,10,12, ,Johnson    
BI402,C,1,F, 1:00pm- 1:50pm,Biology Seminar (Neurodegenerative Disorders),, ,OLIN 335,12,12, ,Ahmad      
CH142,A,4,MWF, 9:00am- 9:50am,General Chemistry,"N,Lb", ,KEYE 105,48,63,10,Conry      
CH142,B,4,MWF,10:00am-10:50am,General Chemistry,"N,Lb", ,KEYE 105,61,63,10,Rice       
CH142 L,A,,M, 1:00pm- 3:50pm,Laboratory: General Chem,, ,KEYE 405,19,19, ,Conry      
CH142 L,B1,,T, 8:00am-10:50am,Laboratory: General Chem,, ,KEYE 405,18,19, ,Hepburn    
CH142 L,B2,,T, 1:00pm- 3:50pm,Laboratory: General Chem,, ,KEYE 405,19,19, ,"Miller, L  "
CH142 L,C,,W, 1:00pm- 3:50pm,Laboratory: General Chem,, ,KEYE 405,19,19, ,"Miller, L  "
CH142 L,D,,R, 1:00pm- 3:50pm,Laboratory: General Chem,, ,KEYE 405,19,19, ,"Miller, L  "
CH142 L,E,,F, 1:00pm- 3:50pm,Laboratory: General Chem,, ,KEYE 405,14,19, ,"Miller, L  "
CH144,A,1,T, 7:00pm- 9:00pm,Turbo Chemistry,, ,KEYE 103,6,12, ,Rice       
CH242,A,4,MWF, 9:00am- 9:50am,Organic Chemistry,, ,MILL 014,33,40,10,Thamattoor 
CH242,B,4,MWF,10:00am-10:50am,Organic Chemistry,, ,MILL 014,38,40,10,Thamattoor 
CH242 L,A,,M, 1:00pm- 4:45pm,Laboratory: Organic Chem,, ,KEYE 305,18,16, ,Klinkerch  
CH242 L,B,,T, 1:00pm- 4:45pm,Laboratory: Organic Chem,, ,KEYE 305,16,16, ,Klinkerch  
CH242 L,C,,W, 1:00pm- 4:45pm,Laboratory: Organic Chem,, ,KEYE 305,14,16, ,Klinkerch  
CH242 L,D1,,R, 8:00am-11:45am,Laboratory: Organic Chem,, ,KEYE 305,7,16, ,Thamattoor 
CH242 L,D2,,R, 1:00pm- 4:45pm,Laboratory: Organic Chem,, ,KEYE 305,16,16, ,Klinkerch  
CH278,A,4,TR, 9:30am-10:45am,Joules to Dollars (See EC278),N, , ,0, , ,Donihue    King        
CH278,A,4,F, 1:00pm- 4:00pm,Joules to Dollars (See EC278),N, , ,0, , ,Donihue    King        
CH332,A,4,TR, 8:00am- 9:15am,Instrumental Methods of Analysis,, ,KEYE 104,4,12,11,King       
CH332,A,4,R, 1:00pm- 4:50pm,Instrumental Methods of Analysis,, ,KEYE 205,4,12,11,King       
CH342,A,5,MWF, 8:00am- 8:50am,Physical Chemistry,, ,KEYE 102,16,12,4,Boekelheid 
CH342,A,5,F, 2:00pm- 2:50pm,Physical Chemistry,, ,KEYE 102,16,12,4,Boekelheid 
CH342 L,A,,M, 1:00pm- 4:50pm,Lab: Physical Chemistry,, ,KEYE 205,7,6, ,Boekelheid 
CH342 L,B,,T, 1:00pm- 4:50pm,Lab: Physical Chemistry,, ,KEYE 205,9,6, ,Boekelheid 
CH368,A,4 to 5,TR, 9:30am-10:45am,Biochemistry of the Cell II (See BC368),, , ,0, , ,Millard    
CH368,A,4 to 5,F,12:00n -12:50pm,Biochemistry of the Cell II (See BC368),, , ,0, , ,Millard    
CH378,A,4,MWF,10:00am-10:50am,Molecular Biology (See BC378),, , ,0, , ,Johnson    
CH378,A,4,W, 1:00pm- 4:00pm,Molecular Biology (See BC378),, , ,0, , ,Johnson    
CH432,A,4,MW,11:00am-12:15pm,Advanced Organic Chemistry,, ,KEYE 104,8,10,1,Katz       
CH444,A,4,M, 1:00pm- 3:30pm,Advanced Topics in Biochemistry,W3, ,KEYE 104,7,12,2,Rice       
CH494,A,1,F,11:00am-11:50am,Senior Seminar,, ,DIAM 141,17,30, ,Katz       Rice        
CH494,A,1,F, 3:00pm- 4:30pm,Senior Seminar,, ,KEYE 105,17,30, ,Katz       Rice        
CH494,B,1,F,11:00am-11:50am,Senior Seminar (Senior Seminar for Juniors),, ,DIAM 141,1,30, ,Katz       Rice        
CH494,B,1,F, 3:00pm- 4:30pm,Senior Seminar (Senior Seminar for Juniors),, ,KEYE 105,1,30, ,Katz       Rice        
CI142,A,4,TR, 2:30pm- 3:45pm,Introduction to Cinema Studies,A, ,AREY 005,24,25,3,Wurtzler   
CI142,A,4,W, 7:00pm-10:00pm,Introduction to Cinema Studies,A, ,AREY 005,24,25,3,Wurtzler   
CI252,A,4,TR,11:00am-12:15pm,History of International Cinema II,A, ,LOVE 215,12,25,7,Wurtzler   
CI252,A,4,T, 7:00pm-10:00pm,History of International Cinema II,A, ,AREY 005,12,25,7,Wurtzler   
CI298,A,4,MW, 1:00pm- 2:15pm,Digital Publishing: Telling Stories Online,, ,LOVE 302,15,15,0,"Murphy, E  "
CL133,A,3 to 4,MW, 2:30pm- 3:45pm,Greek Myth and Literature,L, ,LOVE 100,93,110,5,O'Neill    
CL234,A,4,TR, 1:00pm- 2:15pm,In Search of a Strong Man: Greece in the Fourth Century,H,I ,LOVE 212,22,30,4,"Roisman, J "
CN126,A,5,MTWRF, 9:00am- 9:50am,Elementary Chinese II,, ,LOVE 203,18,20,15,Besio      
CN128,A,4,MTWRF,10:00am-10:50am,Intermediate Chinese II,, ,LOVE 203,10,20,12,Zhang      
CN322,A,4,TR, 1:00pm- 2:15pm,Third-Year Chinese II,, ,LOVE 203,8,20,4,Zhang      
CN335,A,1,T, 7:00pm- 8:00pm,Chinese Conversation III,, ,LOVE 319,8,18, ,"Lu, H-C    "
CN450,A,4,TR, 1:00pm- 2:15pm,Chinese Short Stories,, ,LOVE 302,12,15,0,Besio      
CS151,A,4,MWF,10:00am-10:50am,Computational Thinking,Q, ,LOVE 215,41,40,9,"Taylor, St "
CS151,B,4,MWF,11:00am-11:50am,Computational Thinking,Q, ,LOVE 215,44,40,9,"Taylor, St "
CS151 L,A,,W, 1:00pm- 2:20pm,Lab: Computatnl Thinking,, ,DAVI 102,22,20, ,Maxwell    
CS151 L,B,,W, 2:30pm- 3:50pm,Lab: Computatnl Thinking,, ,DAVI 102,15,20, ,Maxwell    
CS151 L,C,,R, 1:00pm- 2:20pm,Lab: Computatnl Thinking,, ,DAVI 102,24,20, ,Maxwell    
CS151 L,D,,R, 2:30pm- 3:50pm,Lab: Computatnl Thinking,, ,DAVI 102,21,20, ,Maxwell    
CS232,A,4,MWF,10:00am-10:50am,Computer Organization,, ,DAVI 301,33,32,12,Maxwell    
CS232 L,A,,M, 2:30pm- 3:50pm,Lab: Computer Org,, ,DAVI 102,15,16, ,Maxwell    
CS232 L,B,,T, 1:00pm- 2:20pm,Lab: Computer Org,, ,DAVI 102,18,16, ,Maxwell    
CS251,A,4,MWF, 9:00am- 9:50am,Data Analysis and Visualization,, ,LOVE 215,37,40,15,"Taylor, St "
CS251 L,A,,M, 1:00pm- 2:20pm,Lab: Data Analysis/Vis,, ,DAVI 102,20,20, ,Maxwell    
CS251 L,B,,T, 2:30pm- 3:50pm,Lab: Data Analysis/Vis,, ,DAVI 102,17,20, ,Maxwell    
CS321,A,4,TR, 1:00pm- 2:15pm,Computer Networks and Security,, ,LOVE 213,20,16,4,Siff       
CS451,A,4,TR, 9:30am-10:45am,Advanced Computer Graphics,, ,DAVI 117,9,20,7,Maxwell    
CS451,B,4,TR,11:00am-12:15pm,Advanced Computer Graphics,, ,DAVI 117,13,20,7,Maxwell    
EA120,A,4,TR,11:00am-12:15pm,Made in China (See HI120),"H,W1", , ,0, , ,LaCouture  
EA150,A,4,TR, 2:30pm- 3:45pm,Foundations in East Asian Studies,H,I ,LOVE 203,19,20,0,LaCouture  
EA253,A,4,MW, 2:30pm- 3:45pm,Three Kingdoms in Chinese Literature,L, ,LOVE 208,14,18,0,Besio      
EA256,A,4,TR, 2:30pm- 3:45pm,Conflict in East Asia (See GO256),S, , ,0, , ,Hatch      
EA274,A,4,MWF, 1:00pm- 1:50pm,"Survey of East Asian Art, 1300 to the Present (See AR274)",A, , ,0, , ,Weitz      
EA276,A,4,TR,11:00am-12:15pm,Zen and the Arts in Asia (See AR276),A, , ,0, , ,Weitz      
EA278,A,4,MW, 1:00pm- 2:15pm,Language and Gender,S,I ,LOVE 202,20,20,2,Abe        
EA353,A,4,M, 7:00pm- 9:30pm,Globalization and Human Rights in China,S, ,LOVE 319,18,15,9,Zhang      
EC121,A,4,TR,11:00am-12:15pm,Financial Accounting,, ,DIAM 122,50,35,7,Downs      
EC133,A,4,TR, 8:00am- 9:15am,Principles of Microeconomics,S, ,DAVI 301,24,35,11,Goff       
EC133,A,4,W, 2:00pm- 2:50pm,Principles of Microeconomics,S, ,OLIN 001,24,35,11,Goff       
EC133,B,4,TR, 9:30am-10:45am,Principles of Microeconomics,S, ,DAVI 301,34,35,11,Goff       
EC133,B,4,W, 2:00pm- 2:50pm,Principles of Microeconomics,S, ,OLIN 001,34,35,11,Goff       
EC133,C,4,TR, 2:30pm- 3:45pm,Principles of Microeconomics,S, ,DIAM 141,35,35,11,Franko     
EC133,C,4,W, 3:00pm- 3:50pm,Principles of Microeconomics,S, ,DIAM 122,35,35,11,Franko     
EC134,A,4,MWF, 9:00am- 9:50am,Principles of Macroeconomics,S, ,LOVE 205,35,35,11,Siodla     
EC134,A,4,W, 3:00pm- 3:50pm,Principles of Macroeconomics,S, ,OLIN 001,35,35,11,Siodla     
EC134,B,4,MWF,10:00am-10:50am,Principles of Macroeconomics,S, ,LOVE 205,34,35,11,Siodla     
EC134,B,4,W, 3:00pm- 3:50pm,Principles of Macroeconomics,S, ,OLIN 001,34,35,11,Siodla     
EC134,C,4,TR, 9:30am-10:45am,Principles of Macroeconomics,S, ,LOVE 208,37,35,11,Trostel    
EC134,C,4,W, 2:00pm- 2:50pm,Principles of Macroeconomics,S, ,DIAM 142,37,35,11,Trostel    
EC134,D,4,TR, 1:00pm- 2:15pm,Principles of Macroeconomics,S, ,DIAM 153,37,35,11,Trostel    
EC134,D,4,W, 2:00pm- 2:50pm,Principles of Macroeconomics,S, ,DIAM 142,37,35,11,Trostel    
EC212,A,4,TR, 9:30am-10:45am,Corporate Finance II,, ,DIAM 344,21,20,6,Wolk       
EC212,B,4,TR, 1:00pm- 2:15pm,Corporate Finance II,, ,DIAM 342,22,20,6,Wolk       
EC214,A,4,TR,11:00am-12:15pm,Economic Policy and Performance in Contemporary Latin America,W2,I ,DIAM 343,20,20,7,Franko     
EC221,A,4,TR,11:00am-12:15pm,Managerial Economics,, ,DIAM 153,30,30,7,Chan       
EC223,A,4,MWF,10:00am-10:50am,Microeconomic Theory,, ,DIAM 145,33,30,12,Gunter     
EC223,A,4,R, 3:00pm- 3:50pm,Microeconomic Theory,, ,LOVE 100,33,30,12,Gunter     
EC224,A,4,MWF,11:00am-11:50am,Macroeconomic Theory,, ,DIAM 145,33,30,5,Findlay    
EC224,A,4,M, 3:00pm- 4:00pm,Macroeconomic Theory,, ,DIAM 122,33,30,5,Findlay    
EC224,B,4,MWF,12:00n -12:50pm,Macroeconomic Theory,, ,DIAM 145,31,30,5,Findlay    
EC224,B,4,M, 3:00pm- 4:00pm,Macroeconomic Theory,, ,DIAM 122,31,30,5,Findlay    
EC231,A,4,MWF, 9:00am- 9:50am,Environmental and Natural Resource Economics,, ,DIAM 153,34,30,14,Dissanayak 
EC231,B,4,MWF,10:00am-10:50am,Environmental and Natural Resource Economics,, ,DIAM 153,33,30,14,Dissanayak 
EC235,A,4,TR, 9:30am-10:45am,Organizational Strategy and Economics,, ,DIAM 153,30,30,8,Downs      
EC278,A,4,TR, 9:30am-10:45am,Joules to Dollars,N, ,OLIN 001,17,32,8,Donihue    King        
EC278,A,4,F, 1:00pm- 4:00pm,Joules to Dollars,N, ,KEYE 403,17,32,8,Donihue    King        
EC293,A,4,TR, 9:30am-10:45am,Research Methods and Statistics for Economics,, ,DIAM 145,30,30,9,Waldkirch  
EC293,B,4,TR,11:00am-12:15pm,Research Methods and Statistics for Economics,, ,DIAM 145,30,30,9,Waldkirch  
EC298,A,4,TR, 2:30pm- 3:45pm,Disaster Economics,, ,DIAM 341,21,20,3,duPont     
EC351,A,4,MW,11:00am-12:15pm,Public Finance,W2, ,DIAM 341,20,20,1,Gunter     
EC373,A,4,TR, 9:30am-10:45am,Open-Economy Macroeconomics,, ,DIAM 341,20,20,8,duPont     
EC393,A,4,TR,11:00am-12:15pm,Econometrics,, ,DIAM 341,20,20,13,LaFave     
EC393,B,4,TR, 1:00pm- 2:15pm,Econometrics,, ,DIAM 341,20,20,13,LaFave     
EC470,A,4,M, 1:00pm- 3:30pm,Seminar: Institutions in Economic History,, ,DIAM 343,15,15,0,Siodla     
EC475,A,4,W, 1:00pm- 3:30pm,Seminar: Economics of Global Health,, ,DIAM 341,11,15,0,LaFave     
EC476,A,4,W, 1:00pm- 3:30pm,Seminar: Economics of Ecosystem Services and Biodiversity,, ,DIAM 241,14,15,0,Dissanayak 
EC478,A,4,MW, 1:00pm- 2:15pm,Seminar: U.S. Social Safety Net,, ,DIAM 342,15,15,0,Gunter     
ED231,A,4,TR, 2:30pm- 3:45pm,Teaching for Social Justice,S,U ,DIAM 123,22,20,0,Tappan     
ED242,A,4,W, 1:00pm- 3:30pm,History and Philosophy of Progressive Education,, ,DIAM 123,23,20,5,Howard     
ED322,A,4,M, 1:00pm- 3:30pm,Social Class and Schooling,,U ,DIAM 123,20,20,9,Howard     
ED335,A,4,MW,11:00am-12:15pm,"Girls, Activism, and Popular Culture (See WG335)",,U , ,0, , ,"Brown, L   "
ED374,A,4,M, 7:00pm- 9:30pm,Teaching Students with Special Needs in Regular Classrooms,, ,MILL 008,21,20,6,Kusiak     
EN112,A,1,,TBA,Writers' Workshop,, , ,21,20, ,Harrington Sheriff     
EN115,A,4,MWF,10:00am-10:50am,"English Composition (Rhetoric, Writing, Social Change)",W1, ,MILL 319,15,16, ,Sheriff    
EN115,B,4,MWF,12:00n -12:50pm,English Composition (Food for Thought),W1, ,MILL 319,16,16, ,Stokes     
EN115,C,4,MWF, 1:00pm- 1:50pm,English Composition (Gothic Imagination),W1, ,MILL 319,14,16, ,Galluzzo   
EN115,D,4,TR, 9:30am-10:45am,English Composition (Reimagining the Essay),W1, ,MILL 319,16,16, ,Ketner     
EN115,E,4,TR,11:00am-12:15pm,English Composition (Explorations in Written Expressn),W1, ,MILL 241,16,16, ,Mannocchi  
EN120,A,4,TR, 1:00pm- 2:15pm,"Language, Thought, and Writing",W1, ,LOVE 319,16,16, ,Burke      
EN120,B,4,TR, 1:00pm- 2:15pm,"Language, Thought, and Writing",W1, ,LOVE 202,16,16, ,Ketner     
EN142,A,4,TR, 2:30pm- 3:45pm,Introduction to Cinema Studies (See CI142),A, , ,0, , ,Wurtzler   
EN142,A,4,W, 7:00pm-10:00pm,Introduction to Cinema Studies (See CI142),A, , ,0, , ,Wurtzler   
EN151,A,4,MWF, 9:00am- 9:50am,Reading and Writing about Literature,"L,W1", ,MILL 319,16,16, ,Stokes     
EN172,A,4,TR,11:00am-12:15pm,The English Seminar,, ,MILL 253,14,15,7,"Cook, M    "
EN214,A,4,TR,11:00am-12:15pm,Tutoring Writing in Theory and Practice,, ,LOVE 208,34,33,0,Harrington 
EN226,A,4,MWF,10:00am-10:50am,Performance History II (See TD226),L, , ,0, , ,"Peterson,D "
EN252,A,4,TR,11:00am-12:15pm,International History of Cinema II (See CI252),A, , ,0, , ,Wurtzler   
EN252,A,4,T, 7:00pm-10:00pm,International History of Cinema II (See CI252),A, , ,0, , ,Wurtzler   
EN256,A,4,MWF,10:00am-10:50am,Studies in American Literary History: Civil War to the Present,L, ,MILL 008,12,25,12,Sibara     
EN271,A,4,MWF, 9:00am- 9:50am,Critical Theory,L, ,MILL 220,9,18,15,Osborne    
EN271,B,4,MWF,12:00n -12:50pm,Critical Theory,L, ,LOVE 302,4,18,17,Kantor     
EN278,A,4,TR, 9:30am-10:45am,Fiction Writing I,A, ,MILL 220,15,15,0,"Robinson,L "
EN278,B,4,TR,11:00am-12:15pm,Fiction Writing I,A, ,MILL 220,14,15,0,"Robinson,L "
EN279,A,4,MW,11:00am-12:15pm,Poetry Writing I,A, ,MILL 008,15,15,0,Blevins    
EN282,A,4,MW,11:00am-12:15pm,Environmental Literature: Reading through the Ecocritical Prism,L, ,MILL 257,19,25,1,Burke      
EN312,A,4,MW,11:00am-12:15pm,Death and Dying in the Middle Ages,L, ,LOVE 303,20,25,1,"Cook, M    "
EN345,A,4,MWF, 9:00am- 9:50am,Modern American Fiction,L, ,MILL 008,24,25,15,Bryant     
EN364,A,4,MW, 1:00pm- 2:15pm,Buddhism in American Poetry,L, ,MILL 008,25,25,2,"Harris, P  "
EN367,A,4,MW, 2:30pm- 3:45pm,History of the English Language,L, ,MILL 008,20,25,5,"Cook, M    "
EN368,A,4,TR, 2:30pm- 3:45pm,Great Books by American Women of Color: from Hurston to Danticat (See AM368),L,U , ,0, , ,Mannocchi  
EN378,A,4,R, 1:00pm- 3:30pm,Fiction Writing II,, ,MILL 257,15,15,0,"Robinson,L "
EN379,A,4,T, 1:00pm- 3:30pm,Poetry Writing II,, ,MILL 241,15,15,0,Blevins    
EN380,A,4,MW, 1:00pm- 2:15pm,Creative Nonfiction Writing II,A, ,MILL 220,11,15,0,Burke      
EN386C,A,4,R, 1:00pm- 3:30pm,Special Topics: Documentary Radio,, ,MILL 104,16,15,3,Spark      
EN398A,A,4,MW, 2:30pm- 3:45pm,"Secrets, Lies, and the Gothic Imagination in the Age of Revolution",L, ,MILL 220,10,15,5,Galluzzo   
EN398B,A,4,MWF,12:00n -12:50pm,Disability in Modern and Contemporary American Literature and Culture,L, ,MILL 220,9,15,17,Sibara     
EN412,A,4,MWF,12:00n -12:50pm,Shakespeare on Screen,L, ,MILL 014,12,25,17,Osborne    
EN413K,A,4,MWF,10:00am-10:50am,Author Course: William Wordsworth,L, ,MILL 220,9,25,12,Kantor     
EN457,A,4,MWF,11:00am-11:50am,American Gothic Literature,L,U ,MILL 319,15,25,1,Bryant     
EN474,A,4,MW, 1:00pm- 2:15pm,Public Speaking,, ,MILL 014,15,15,0,"Mills, D   "
EN474,B,4,TR, 1:00pm- 2:15pm,Public Speaking,, ,MILL 014,13,15,0,"Mills, D   "
EN478,A,2 to 4,T, 1:00pm- 3:30pm,Advanced Studies in Prose,, ,MILL 220,13,15,0,Spark      
EN479,A,2 to 4,T, 1:00pm- 3:30pm,Advanced Studies in Poetry,, ,MILL 241,6,15,0,Blevins    
EN493C,A,4,T, 1:00pm- 3:30pm,"Seminar: Virginia Woolf and Modernism: Politics, Poetics, Theory",L, ,MILL 253,8,15,0,Roy        
EN493D,A,4,W, 1:00pm- 3:30pm,Seminar: Lyric Self and Other,L, ,MILL 241,13,15,0,Sagaser    
ES118,A,4,MW,10:00am-10:50am,Environment and Society,, ,DIAM 142,57,48,12,"Bates, A   Cole       Nyhus       "
ES118,A,4,R, 7:00pm- 7:50pm,Environment and Society,, ,DIAM 122,57,48,12,"Bates, A   Cole       Nyhus       "
ES118 D,A,,F,10:00am-10:50am,Disc/Activity: Env & Soc,, ,DIAM 223,19,16, ,Cole       
ES118 D,B,,F,10:00am-10:50am,Disc/Activity: Env & Soc,, ,DIAM 323,19,16, ,Nyhus      
ES118 D,C,,F,10:00am-10:50am,Disc/Activity: Env & Soc,, ,DIAM 341,18,16, ,"Bates, A   "
ES212,A,4,TR,11:00am-12:15pm,Introduction to GIS and Remote Sensing,, ,DIAM 223,16,16,7,Nyhus      
ES212,A,4,R, 1:00pm- 4:00pm,Introduction to GIS and Remote Sensing,, ,DIAM 222,16,16,7,Nyhus      
ES218,A,4,MWF,11:00am-11:50am,Exploratory Data Analysis in <I>R</I>,, ,DIAM 322,18,16,1,Gimond     
ES231,A,3,MWF, 9:00am- 9:50am,Environmental and Natural Resource Economics (See EC231),, , ,0, , ,Dissanayak 
ES231,B,3,MWF,10:00am-10:50am,Environmental and Natural Resource Economics (See EC231),, , ,0, , ,Dissanayak 
ES234,A,4,MWF, 9:00am- 9:50am,International Environmental Policy,,I ,DIAM 122,35,35,15,Gupta      
ES242,A,4,MWF,11:00am-11:50am,Marine Conservation and Policy,, ,DIAM 122,25,25,1,"Bates, A   "
ES243,A,4,MW, 1:00pm- 2:15pm,Environmental Ethics (See PL243),, , ,0, , ,Peterson   
ES276,A,4,TR, 9:30am-10:45am,Exploring the Anthropocene: Human Impacts on Global Ecosystems,"N,Lb", ,KEYE 102,7,16,8,Bruesewitz 
ES276,A,4,T, 1:00pm- 4:00pm,Exploring the Anthropocene: Human Impacts on Global Ecosystems,"N,Lb", ,OLIN 213,7,16,8,Bruesewitz 
ES298,A,4,TR,11:00am-12:15pm,Our Earth: Governing the Commons,,I ,DIAM 342,26,30,7,Gupta      
ES298B,A,3,TR, 9:30am-10:45am,Microbes in the Environment (See BI298),N, , ,0, , ,Childers   
ES352,A,4,MWF, 9:00am- 9:50am,Advanced and Applied Ecology,, ,OLIN 234,16,16,15,Cole       
ES352,A,4,M, 1:00pm- 4:00pm,Advanced and Applied Ecology,, ,OLIN 229,16,16,15,Cole       
ES356,A,4,MWF,10:00am-10:50am,Aquatic Ecology,W2, ,KEYE 103,13,16,12,Bruesewitz 
ES356,A,4,W, 1:00pm- 4:00pm,Aquatic Ecology,W2, ,OLIN 223,13,16,12,Bruesewitz 
ES366,A,4,TR, 9:30am-10:45am,The Environment and Human Health,N, ,DIAM 141,34,34,0,Carlson    
ES402,A,1,W,12:00n -12:50pm,Environmental Studies Colloquium,, ,DANA FAIR,27,40, ,Cole       
ES402,A,1,T, 7:00pm- 8:00pm,Environmental Studies Colloquium,, ,OLIN 001,27,40, ,Cole       
ES476,A,4,W, 1:00pm- 3:30pm,Seminar: Economics of Ecosystem Services and Biodiversity (See EC476),, , ,0, , ,Dissanayak 
FR120,A,4,MW,11:00am-12:15pm,Critical Thinking Across Cultures,W1,I ,LOVE 319,15,16, ,Paliyenko  
FR125,A,4,MTWR,12:00n -12:50pm,French I,, ,LOVE 102,13,18,13,Mroz       
FR126,A,4,MTWF, 9:00am- 9:50am,French II,, ,LOVE 119,9,18,13,Dionne     
FR126,B,4,MTWF,10:00am-10:50am,French II,, ,LOVE 119,9,18,13,Dionne     
FR127,A,4,MTWR,10:00am-10:50am,French III,, ,LOVE 207,15,18,13,Brunetaux  
FR127,B,4,MTWR,11:00am-11:50am,French III,, ,LOVE 207,17,18,13,Greenspan  
FR128,A,4,MWF,12:00n -12:50pm,French IV: Reading in Cultural Contexts,L, ,LOVE 307,12,19,17,Dionne     
FR131,A,4,MWF,11:00am-11:50am,Conversation and Composition,, ,LOVE 318,16,15,1,Niang      
FR231,A,4,MWF, 9:00am- 9:50am,Advanced Grammar and Composition,, ,LOVE 319,11,19,15,Greenspan  
FR233,A,4,MW, 2:30pm- 3:45pm,French Cultural History II,, ,LOVE 318,5,18,5,Brunetaux  
FR234,A,1,,TBA,Intensive Spoken French,, , ,11,15, ,Garnier-Am 
FR246,A,4,TR, 2:30pm- 3:45pm,Business French,, ,LOVE 303,12,19,0,Mroz       
FR252,A,4,MWF,10:00am-10:50am,Provocative Texts: Engaging the World,L,I ,LOVE 319,10,20,12,Paliyenko  
FR338,A,4,TR, 2:30pm- 3:45pm,Surrealism (See AR338),, , ,0, , ,Plesch     
FR358,A,4,W, 1:00pm- 3:30pm,Passionate Discontent: The 19th-Century Epidemic,L, ,LOVE 303,4,15,0,Paliyenko  
FR370,A,4,MW, 2:30pm- 3:45pm,"<I>Corps, Espace, et Genre</I>: Postcolonial Space in Francophone Africa",,I ,LOVE 307,5,15,5,Niang      
FR371,A,4,TR, 1:00pm- 2:15pm,<I>L'ecriture de soi</I>,L, ,LOVE 303,6,15,4,Brunetaux  
GE141,A,4,MWF, 9:00am- 9:50am,Earth and Environment,"N,Lb", ,LOVE 100,39,40,14,"Sullivan,W "
GE141,B,4,MWF,10:00am-10:50am,Earth and Environment,"N,Lb", ,AREY 005,38,40,14,Rueger     
GE141 L,A,,M, 1:00pm- 4:00pm,Lab: Earth and the Environment,, ,MUDD 218,18,20, ,Rueger     
GE141 L,B,,T, 1:00pm- 4:00pm,Lab: Earth and the Environment,, ,MUDD 218,20,20, ,Croft      
GE141 L,C,,W, 1:00pm- 4:00pm,Lab: Earth and the Environment,, ,MUDD 218,20,20, ,Rueger     
GE141 L,D,,R, 1:00pm- 4:00pm,Lab: Earth and the Environment,, ,MUDD 218,20,20, ,Croft      
GE142,A,4,MWF,10:00am-10:50am,Deep Time Planet Earth,"N,Lb", ,MUDD 218,6,12,12,Gastaldo   
GE142,A,4,W, 1:00pm- 4:00pm,Deep Time Planet Earth,"N,Lb", ,MUDD 219,6,12,12,Gastaldo   
GE225,A,4,TR, 9:30am-10:45am,Mineralogy,, ,MUDD 221,9,16,8,Dunn       
GE225,A,4,T, 1:00pm- 4:00pm,Mineralogy,, ,MUDD 221,9,16,8,Dunn       
GE254,A,4,MWF, 9:00am- 9:50am,Principles of Geomorphology,N, ,MUDD 218,18,20,15,"Nelson, Ro "
GE254 L,A,,W, 1:00pm- 4:00pm,Lab: Principles of Geomorphology,, ,MUDD 103,8,10, ,"Nelson, Ro "
GE254 L,B,,R, 1:00pm- 4:00pm,Lab: Principles of Geomorphology,, ,MUDD 103,10,10, ,"Nelson, Ro "
GE331,A,4,MWF,11:00am-11:50am,Plate Tectonics,, ,MUDD 103,9,12,1,"Sullivan,W "
GE331,A,4,M, 1:00pm- 4:00pm,Plate Tectonics,, ,MUDD 103,9,12,1,"Sullivan,W "
GE391,A,1,F, 1:00pm- 2:00pm,Geology Seminar,, ,MUDD 218,31,30, ,"Nelson, Ro "
GE494,A,4,R, 1:00pm- 4:00pm,"Topics in Geoscience: Out of the Icehouse, into the Greenhouse",W3, ,MUDD 219,10,12,0,Gastaldo   
GK112,A,4,MW, 9:00pm- 9:50am,Intermediate Greek,, ,LOVE 244,4,15,0,"Roisman, H "
GK112,A,4,TR, 8:00am- 8:50am,Intermediate Greek,, ,LOVE 244,4,15,0,"Roisman, H "
GK359,A,4,MW,10:00am-11:15am,Homer's <I>Iliad 3</I>: Menelaos and Paris,L, ,LOVE 244,1,15,12,"Roisman, H "
GM126,A,4,MTRF,10:00am-10:50am,Elementary German II,, ,LOVE 102,21,20,12,Shahan     
GM128,A,4,MTRF,12:00n -12:50pm,Intermediate German II: Readings in Cultural Contexts,, ,LOVE 207,7,20,17,"Koch, A    "
GM130,A,1,R, 7:00pm- 7:50pm,Conversation Group,, ,LOVE 450,5,15, ,Walczyk    
GM298,A,4,TR, 9:30am-10:45am,Dark and Grimm Fairy Tales,, ,LOVE 450,4,20,8,"Koch, A    "
GM330,A,1,T, 7:00pm- 7:50pm,Current Topics,, ,LOVE 450,3,15, ,Walczyk    
GM493,A,4,T, 1:00pm- 3:30pm,Seminar: Ideologies and Identities,L, ,LOVE 450,2,15,0,Shahan     
GO111,A,4,TR, 9:30am-10:45am,Introduction to American Government and Politics,S, ,DIAM 122,29,40,8,Mackenzie  
GO111,B,4,TR, 2:30pm- 3:45pm,Introduction to American Government and Politics,S, ,DIAM 122,30,40,3,Maisel     
GO131,A,4,MWF,10:00am-10:50am,Introduction to International Relations,S, ,DIAM 122,43,40,12,Rodman     
GO171,A,4,MW,11:00am-12:15pm,Introduction to Political Theory,S,I ,DIAM 141,43,40,1,Corrado    
GO210,A,4,MW, 1:00pm- 2:15pm,Interest-Group Politics,, ,DIAM 153,25,25,2,Corrado    
GO211,A,4,TR, 1:00pm- 2:15pm,The American Presidency,, ,DIAM 122,26,25,4,Mackenzie  
GO221,A,4,MW, 1:00pm- 2:15pm,Capitalism and Its Critics,S, ,DIAM 344,25,25,2,Mayka      
GO226,A,4,TR,11:00am-12:15pm,Media and Politics,S, ,DIAM 241,30,30,7,Shea       
GO231,A,4,MW, 2:30pm- 3:45pm,U.S. Foreign Policy: The Cold War,, ,DIAM 145,23,25,5,Rodman     
GO255,A,4,MW,11:00am-12:15pm,African Politics,S,I ,DIAM 153,25,25,1,Seay       
GO256,A,4,TR, 2:30pm- 3:45pm,Conflict in East Asia,S, ,DIAM 153,25,25,3,Hatch      
GO281,A,4,TR, 9:30am-10:45am,Concepts and Methods of Political Science Research,Q, ,DIAM 342,22,18,0,Maisel     
GO344,A,4,MW,11:00am-12:15pm,Post-Communist Transformations,, ,DIAM 241,18,20,1,Yoder      
GO354,A,4,TR,11:00am-12:15pm,The European Union,, ,DIAM 141,25,25,7,Yoder      
GO364,A,4,TR, 9:30am-10:45am,Challenges to Democracy in Latin America,S,I ,DIAM 241,6,25,8,Mayka      
GO421,A,4,T, 1:00pm- 3:30pm,Seminar: Prospects for Political Reform,, ,DIAM 344,10,12,0,Corrado    
GO432,A,4,R, 1:00pm- 3:30pm,Seminar: U.S. Foreign Policy,, ,DIAM 241,5,12,0,Rodman     
GO454,A,4,W, 1:00pm- 3:30pm,"Seminar: Politics of Development: State, Society, and Markets",,I ,DIAM 343,11,12,0,Hatch      
GO455,A,4,M, 1:00pm- 3:30pm,Seminar: Conflict and Crisis in Africa,,I ,DIAM 241,5,12,0,Seay       
GO456,A,4,T, 1:00pm- 3:30pm,Seminar: Civil Society and Social Change in Latin America,S,I ,DIAM 242,9,12,0,Mayka      
GS211,A,4,TR,11:00am-12:15pm,Human Rights and Social Justice in Global Perspective,, ,DIAM 344,20,20,7,Razsa      
GS214,A,4,TR,11:00am-12:15pm,Economic Policy and Performance in Contemporary Latin America (See EC214),,I , ,0, , ,Franko     
GS451,A,4,T, 1:00pm- 3:30pm,Justice and Injustice in Global Europe,, ,DIAM 343,11,15,4,Razsa      
HI112,A,4,MWF,11:00am-11:50am,A Survey of Modern Europe,H,I ,LOVE 213,40,40,1,Scheck     
HI120,A,4,TR,11:00am-12:15pm,Made in China,"H,W1", ,MILL 257,16,16, ,LaCouture  
HI132,A,4,MWF,10:00am-10:50am,"Survey of U.S. History, 1865 to the Present",H, ,OLIN 001,40,40,12,Weisbrot   
HI184,A,4,TR, 8:00am- 9:15am,History of the Modern Middle East,H,I ,LOVE 100,40,40,6,Turner     
HI200,A,4,M, 1:00pm- 3:30pm,Introduction to History,H, ,MILL 257,16,20,0,Leonard    
HI216,A,4,TR, 8:00am- 9:15am,Church History and Theology in Medieval Europe,H, ,MILL 014,18,30,0,"Taylor, L  "
HI228,A,4,TR,11:00am-12:15pm,The Russian Empire: Soviet History and 20th-Century Revolutions,H,I ,MILL 014,26,30,7,Mason      
HI232,A,4,MWF, 9:00am- 9:50am,"American Women's History, 1870 to the Present",H,U ,MILL 257,16,30,0,Leonard    
HI241,A,4,MWF,11:00am-11:50am,History of Colby College,H, ,MILL 014,20,20,0,Leonard    
HI251,A,4,W, 1:00pm- 3:30pm,History of Southeast Asia: Crossroads of the World,H, ,LOVE 213,12,30,5,Beemer     
HI272,A,4,MWF, 9:00am- 9:50am,"History of Law, Society, and Rebellion in Mexico (See LA272)",H,I , ,0, , ,Fallaw     
HI276,A,4,TR, 9:30am-10:45am,Patterns and Processes in World History,H, ,MILL 014,23,30,4,vanderMeer 
HI276,B,4,TR, 1:00pm- 2:15pm,Patterns and Processes in World History,H, ,LOVE 215,25,30,4,vanderMeer 
HI283,A,4,TR, 1:00pm- 2:15pm,Golden Diaspora: Modern American Jewish History,H,U ,MILL 319,11,25,4,Weisbrot   
HI322,A,4,TR, 9:30am-10:45am,Europe and the Second World War,H,I ,MILL 008,20,20,0,Scheck     
HI389,A,4,TR, 2:30pm- 3:45pm,History of Iran,H,I ,LOVE 119,20,20,3,Turner     
HI414,A,4,T, 1:00pm- 3:30pm,"Research Seminar: History of Fear in Europe, 1300-1900",H, ,MILL 257,5,15,0,"Taylor, L  "
HI498,A,4,W, 1:00pm- 3:30pm,Research Seminar: Stalinism,H, ,MILL 257,3,15,0,Mason      
IT126,A,4,MTWR,10:00am-10:50am,Italian II,, ,LOVE 211,15,19,13,Rizzo      
IT126,B,4,MTWR,11:00am-11:50am,Italian II,, ,LOVE 211,18,19,13,Rizzo      
IT128,A,4,MWF,10:00am-10:50am,Italian through Film and Visual Culture,, ,LOVE 302,9,19,12,Risso      
IT235,A,1,M,10:00am-10:50am,Italian Conversation,, ,LOVE 318,2,20, ,Lucci      
IT262,A,4,MW, 1:00pm- 2:15pm,"Outsiders, Losers, Rejects: Topics in Italian Cultural Studies",L,I ,LOVE 207,6,15,0,Risso      
JA126,A,5,MTWRF, 9:00am- 9:50am,Elementary Japanese II,, ,LOVE 212,15,20,15,Prindle    
JA128,A,4,MTWRF,10:00am-10:50am,Intermediate Japanese II,, ,LOVE 423,11,20,12,Abe        
JA135,A,1,T,11:00am-11:50am,Conversational Japanese I,, ,LOVE 423,4,20, ,Matsumura  
JA135,B,1,T, 7:00pm- 7:50pm,Conversational Japanese I,, ,LOVE 423,6,20, ,Matsumura  
JA235,A,1,W, 7:00pm- 7:50pm,Conversational Japanese II,, ,LOVE 450,4,20, ,Matsumura  
JA432,A,4,MW, 7:00pm- 8:15pm,Contemporary Japanese Novel,, ,LOVE 423,11,15,0,Prindle    
JS126,A,3,MWR,12:00n -12:50pm,Hebrew II,, ,LOVE 318,8,20,17,Isaacs     
JS182,A,4,TR, 2:30pm- 3:45pm,Jews and Judaism in the Modern World (See RE182),H,I , ,0, , ,Freidenrch 
JS221,A,4,TR,11:00am-12:15pm,The Jews of Maine (See RE221),H, , ,0, , ,Freidenrch 
JS224,A,3,MW, 2:30pm- 3:45pm,Jewish Theology,, ,LOVE 319,4,15,0,Isaacs     
JS283,A,4,TR, 1:00pm- 2:15pm,Golden Diaspora: Modern American Jewish History (See HI283),H,U , ,0, , ,Weisbrot   
LA174,A,4,MW,11:00am-12:15pm,Introduction to Latin American Studies,H,I ,LOVE 208,23,35,1,Fallaw     
LA214,A,4,TR,11:00am-12:15pm,Economic Policy and Performance in Contemporary Latin America (See EC214),,I , ,0, , ,Franko     
LA242,A,4,TR, 9:30am-10:45am,Anthropology of Latin America: City Life (See AY242),, , ,0, , ,"Tate, W    "
LA272,A,4,MWF, 9:00am- 9:50am,"History of Law, Society, and Rebellion in Mexico",H,I ,LOVE 318,12,40,15,Fallaw     
LA278,A,4,MW,11:00am-12:15pm,"Narratives, Artifacts, and Monuments of pre-Columbian Civilizations (See SP278)",L, , ,0, , ,Millones   
LA361,A,4,T, 1:00pm- 3:30pm,"Militaries, Militarization, and War (See AY361)",S, , ,0, , ,"Tate, W    "
LA364,A,4,TR, 9:30am-10:45am,Challenges to Democracy in Latin America (See GO364),S,I , ,0, , ,Mayka      
LA398,A,4,MW, 1:00pm- 2:15pm,U.S. Latina/os: The New Americans (See SP398),L,U , ,0, , ,Garcia     
LA456,A,4,T, 1:00pm- 3:30pm,Seminar: Civil Society and Social Change in Latin America (See GO456),S,I ,LOVE 318,0, , ,Mayka      
LT112,A,4,MTWF,11:00am-11:50am,Intermediate Latin,, ,LOVE 102,12,20,1,Barrett    
LT354,A,4,MW, 1:00pm- 2:15pm,Seneca's <I>Medea</I>,L, ,LOVE 244,8,19,2,Barrett    
MA111,A,4,MWF, 2:00pm- 2:50pm,Mathematics as a Liberal Art,Q, ,DAVI 201,29,28,10,"Taylor, Sc "
MA121,A,4,MTWR, 8:00am- 8:50am,Single-Variable Calculus,Q, ,DAVI 201,26,28,16,Sukiennik  
MA121,B,4,MTWR,12:00n -12:50pm,Single-Variable Calculus,Q, ,DAVI 201,31,28,16,Sukiennik  
MA122,A,4,MTWR,10:00am-10:50am,Series and Multi-Variable Calculus,Q, ,LOVE 212,28,28,16,Sukiennik  
MA122,B,4,MTWF,12:00n -12:50pm,Series and Multi-Variable Calculus,Q, ,MUDD 405,29,28,16,Welch      
MA122,C,4,MTWF, 2:30pm- 3:20pm,Series and Multi-Variable Calculus,Q, ,MUDD 405,26,28,16,Welch      
MA162,A,4,MWF,12:00n -12:50pm,Honors Calculus II,, ,KEYE 103,13,28,17,Livshits   
MA253,A,4,MWF,10:00am-10:50am,Linear Algebra,, ,KEYE 102,20,28,12,Livshits   
MA253,B,4,MWF,11:00am-11:50am,Linear Algebra,, ,DAVI 201,28,28,1,Mathes     
MA262,A,4,MWF,11:00am-11:50am,Vector Calculus,, ,LOVE 203,16,28,16,Lu         
MA262,B,4,MWF,12:00n -12:50pm,Vector Calculus,, ,LOVE 203,18,28,16,Lu         
MA274,A,4,MWF, 9:00am- 9:50am,Mathematical Reasoning,W2, ,KEYE 102,30,28,15,"Taylor, Sc "
MA275,A,2,,TBA,Topics in Abstract Mathematics,, , ,1,10, ,Mathes     
MA311,A,4,MWF,10:00am-10:50am,Ordinary Differential Equations,, ,MUDD 405,27,28,12,Holly      
MA332,A,4,MWF,11:00am-11:50am,Numerical Analysis,, ,MUDD 405,22,28,1,Holly      
MA338,A,4,MWF,12:00n -12:50pm,Real Analysis,, ,LOVE 205,24,28,17,Mathes     
MA353,A,4,MWF, 2:00pm- 2:50pm,Matrix Analysis,, ,KEYE 103,11,28,5,Livshits   
MA376,A,4,MWF, 9:00am- 9:50am,History of Mathematics,H, ,MUDD 405,19,28,0,Gouvea     
MA382,A,4,TR, 1:00pm- 2:15pm,Mathematical Statistics II: Inference (See SC382),, , ,0, , ,Scott      
MA434,A,4,MWF, 1:00pm- 1:50pm,Topics in Abstract Algebra,W3, ,MUDD 412A,9,15,0,Gouvea     
ML122,A,3,MWF,10:00am-10:50am,Elementary Modern Standard Arabic IB,, ,LOVE 344,2,15,12,Muhammad   
ML124,A,3,MWF, 1:00pm- 1:50pm,Elementary Modern Standard Arabic IIB,, ,LOVE 423,2,15,2,Muhammad   
MU091,0,,,TBA,Lessons: Noncredit (or January Program),, , ,0,20, ,With Whom? 
MU093,A,,M, 7:00pm- 1:00pm,"Applied Music: Ensemble, Noncredit (Orchestra)",, ,BIXL 219,8,25, ,Renard     
MU093,B,,MT, 4:00pm- 6:00pm,"Applied Music: Ensemble, Noncredit (Chorale)",, ,BIXL 178,11,99, ,Dosman     
MU093,C,,W, 7:00pm-10:00pm,"Applied Music: Ensemble, Noncredit (Collegium Musicum)",, ,LORI CHAP,4,25, ,Borgerding 
MU093,D,,W, 7:00pm- 9:30pm,"Applied Music: Ensemble, Noncredit (Wind Ensemble)",, ,BIXL 219,2,25, ,"Thomas, E  "
MU093,E,,R, 7:00pm- 9:30pm,"Applied Music: Ensemble, Noncredit (Jazz Band)",, ,BIXL 219,1,25, ,"Thomas, E  "
MU093,F,,TR, 7:00pm-10:00pm,"Applied Music: Ensemble, Noncredit (African Drumming)",, ,BIXL 178,1,25, ,Benissan   
MU093,G,,,TBA,"Applied Music: Ensemble, Noncredit (Flute Choir)",, , ,0,25, ,Rabata     
MU093,H,,,TBA,"Applied Music: Ensemble, Noncredit (Guitar Ensemble)",, , ,0,25, ,Leighton   
MU093,I,,,TBA,"Applied Music: Ensemble, Noncredit (String Ensemble)",, , ,2,25, ,Renard     
MU093,K,,,TBA,"Applied Music: Ensemble, Noncredit (Trumpet Ensemble)",, , ,0,25, ,Whitener   
MU093,L,,,TBA,"Applied Music: Ensemble, Noncredit (Piano Ensemble)",, , ,1,25, ,Funahashi  
MU093,M,,T, 7:00pm- 8:30pm,"Applied Music: Ensemble, Noncredit (Chamber Choir)",, ,BIXL 154,7,25, ,Dosman     
MU111,A,4,MWF,11:00am-11:50am,Introduction to Music,A, ,BIXL 178,42,60,1,Saunders   
MU154,A,4,MW,11:00am-12:15pm,Introduction to Music Theory through Improvisation,A, ,BIXL 226,6,20,0,Hallstrom  
MU182,A,4,TR, 9:30am-10:45am,Music Theory II,, ,BIXL 150,14,25,8,Heidemann  
MU191,0,1 to 2,,TBA,Lessons: Credit,, , ,0,20, ,With Whom? 
MU193,A,1,M, 7:00pm-10:00pm,Applied Music: Ensemble for Credit (Orchestra),, ,BIXL 219,13,25, ,Renard     
MU193,B,1,MT, 4:00pm- 6:00pm,Applied Music: Ensemble for Credit (Chorale),, ,BIXL 178,5,25, ,Dosman     
MU193,C,1,W, 7:00pm-10:00pm,Applied Music: Ensemble for Credit (Collegium Musicum),, ,LORI CHAP,9,25, ,Borgerding 
MU193,D,1,W, 7:00pm- 9:30pm,Applied Music: Ensemble for Credit (Wind Ensemble),, ,BIXL 219,0,25, ,"Thomas, E  "
MU193,E,1,R, 7:00pm- 9:30pm,Applied Music: Ensemble for Credit (Jazz Band),, ,BIXL 219,5,25, ,"Thomas, E  "
MU193,F,1,TR, 7:00pm-10:00pm,Applied Music: Ensemble for Credit (African Drumming),, ,BIXL 178,0,25, ,Benissan   
MU193,G,1,,TBA,Applied Music: Ensemble for Credit (Flute Choir),, , ,0,25, ,Rabata     
MU193,H,1,,TBA,Applied Music: Ensemble for Credit (Guitar Ensemble),, , ,0,25, ,Leighton   
MU193,I,1,,TBA,Applied Music: Ensemble for Credit (String Ensemble),, , ,0,25, ,Renard     
MU193,J,1,,TBA,Applied Music: Ensemble for Credit (Guitar Ensemble),, , ,0,25, ,Dimow      
MU193,K,1,,TBA,Applied Music: Ensemble for Credit (Trumpet Ensemble),, , ,2,25, ,Whitener   
MU193,L,1,,TBA,Applied Music: Ensemble for Credit,, , ,1,25, ,Funahashi  
MU193,M,1,T, 7:00pm- 8:30pm,Applied Music: Ensemble for Credit (Chamber Choir),, ,BIXL 154,7,25, ,Dosman     
MU213,A,4,MW, 1:00pm- 2:15pm,Introduction to Computer Music,A, ,BIXL 226,9,10,0,Hallstrom  
MU222,A,4,M, 7:00pm- 9:30pm,Maine's Musical Soundscapes: Ethnography of Maine,A, ,BIXL 226,13,12,0,Zelensky   
MU234,A,4,MW, 2:30pm- 3:45pm,From Rockabilly Kings to Lady Gaga: A History of Rock 'n' Roll,A, ,BIXL 226,20,20,5,Zelensky   
MU242,A,4,MW, 2:30pm- 3:45pm,Music History II: High Baroque to the Dawn of Romanticism,, ,BIXL 102,6,25,5,Borgerding 
MU262,A,4,TR, 2:30pm- 3:45pm,"Music in Life, Music as Culture: Introduction to Ethnomusicology",A, ,BIXL 102,12,12,0,Zelensky   
MU282,A,4,MW, 1:00pm- 2:15pm,Music Theory IV,, ,BIXL 102,8,18,2,Heidemann  
MU493,A,4,T, 7:00pm- 9:30pm,Seminar: Improvisation in Western Art Music (Description needed),, ,BIXL 102,7,15,0,Borgerding 
PH145,A,4,MWF,11:00am-11:50am,Foundations of Electromagnetism and Optics,"N,Lb", ,KEYE 105,45,48,6,Conover    
PH145,B,4,MWF,12:00n -12:50pm,Foundations of Electromagnetism and Optics,"N,Lb", ,KEYE 105,45,48,6,Conover    
PH145 D,A,,M, 1:00pm- 1:50pm,Disc: Electromag/Optics,, ,MUDD 311,25,24, ,Lessard    
PH145 D,B,,M, 2:30pm- 3:20pm,Disc: Electromag/Optics,, ,MUDD 311,18,24, ,Lessard    
PH145 D,C,,T, 1:00pm- 1:50pm,Disc: Electromag/Optics,, ,MUDD 311,24,24, ,Lessard    
PH145 D,D,,T, 3:00pm- 3:50pm,Disc: Electromag/Optics,, ,MUDD 311,22,24, ,Lessard    
PH145 L,A,,T, 2:00pm- 4:50pm,Lab: Electromag/Optics,, ,MUDD 322,18,16, ,Conover    
PH145 L,B,,W, 2:00pm- 4:50pm,Lab: Electromag/Optics,, ,MUDD 322,17,16, ,Bluhm      
PH145 L,C,,R, 9:00am-11:50am,Lab: Electromag/Optics,, ,MUDD 322,17,16, ,Lessard    
PH145 L,D,,R, 2:00pm- 4:50pm,Lab: Electromag/Optics,, ,MUDD 322,18,16, ,Lessard    
PH145 L,E,,F, 1:00pm- 3:50pm,Lab: Electromag/Optics,, ,MUDD 322,18,16, ,Bluhm      
PH242,A,4,MWF, 9:00am- 9:50am,Modern Physics II,, ,MUDD 311,14,24,15,Bluhm      
PH242,A,4,T, 1:00pm- 1:50pm,Modern Physics II,, ,MUDD 405,14,24,15,Bluhm      
PH242 L,A,,T, 2:00pm- 2:50pm,Lab: Modern Physics II,, ,MUDD 311,9,12, ,McCoy      
PH242 L,B,,T, 2:00pm- 2:50pm,Lab: Modern Physics II,, ,MUDD 311,5,12, ,Lessard    
PH311,A,4,MTWF,10:00am-10:50am,Classical Mechanics,, ,MUDD 311,20,15,12,Tate       
PH332,A,4,MTWR,11:00am-11:50am,Thermodynamics and Statistical Mechanics,, ,MUDD 311,10,24,1,McGrath    
PH342,A,4,WF, 2:30pm- 3:45pm,Galaxies and Cosmology (See AS342),, , ,0, , ,Kocevski   
PH402,A,1,M, 3:00pm- 4:00pm,Senior Physics and Astronomy Colloquium,, ,KEYE 105,21,24, ,Tate       
PL111,A,4,TR, 2:30pm- 3:45pm,Central Philosophical Issues: Self and Society,S, ,LOVE 208,30,30,0,Gordon     
PL114,A,4,TR,11:00am-12:15pm,Central Philosophical Issues: Nature and God,L, ,LOVE 119,29,30,0,Nowakowski 
PL117W,A,4,TR, 9:30am-10:45am,Central Philosophical Issues: Philosophical Anthropology,W1, ,LOVE 302,16,16, ,Peterson   
PL213,A,4,TR, 9:30am-10:45am,Philosophical Inquiries into Race,S,U ,LOVE 246,10,25,0,Gordon     
PL232,A,4,TR, 1:00pm- 2:15pm,History of Modern Philosophy,H, ,LOVE 119,24,25,4,Moland     
PL239,A,4,MW, 2:30pm- 3:45pm,Epistemology,, ,LOVE 119,22,25,5,Waterman   
PL243,A,4,MW, 1:00pm- 2:15pm,Environmental Ethics,, ,LOVE 208,24,25,0,Peterson   
PL298,A,4,MWF,10:00am-10:50am,Cognitive Science of Religion,, ,LOVE 208,18,25,12,Waterman   
PL311,A,4,T, 7:00pm- 9:30pm,Philosophical Approaches to Global Justice,,I ,LOVE 212,20,18,0,Moland     
PL378,A,4,TR,11:00am-12:15pm,Contemporary Continental Philosophy,, ,LOVE 246,6,18,0,Peterson   
PL393,A,4,MW,11:00am-12:15pm,Philosophers in Focus: Dharmakirti,, ,LOVE 246,6,18,0,Nowakowski 
PL402,A,1,,TBA,Philosophy Colloquium II,, , ,6,18, ,Gordon     Moland     Nowakowski Peterson    
PS111,A,4,MWF,10:00am-10:50am,Introduction to Psychology,S, ,LOVE 100,88,90,12,Carter     Coane      Glenn      Raag       Sheets      
PS215,A,4,TR,11:00am-12:15pm,Research Methods and Statistics in Psychology II,W2, ,LOVE 100,43,36,7,Carter     
PS215 L,A,,,TBA,Lab: Research Methods and Statistics in Psychology II,, , ,11,12, ,Carter     
PS215 L,B,,,TBA,Lab: Research Methods and Statistics in Psychology II,, , ,12,12, ,Coane      
PS215 L,C,,,TBA,Lab: Research Methods and Statistics in Psychology II,, , ,20,12, ,Sheets     
PS233,A,4,MWF, 1:00pm- 1:50pm,Biological Basis of Behavior,, ,DAVI 301,35,35,2,Glenn      
PS251,A,4,MW,11:00am-12:15pm,Personality Psychology,, ,DAVI 301,35,35,1,Soto       
PS253,A,4,MW, 2:30pm- 3:45pm,Social Psychology,, ,DAVI 301,33,35,5,Carter     
PS254,A,4,TR, 1:00pm- 2:15pm,Abnormal Psychology,, ,DAVI 301,34,35,4,Sheets     
PS339,A,4,TR, 2:30pm- 3:45pm,Seminar in Personality Psychology,W3, ,DAVI 307,6,10,0,Soto       
PS340,A,1,,TBA,Collaborative Research in Personality Psychology,, , ,6,10, ,Soto       
PS341,A,4,TR,11:00am-12:15pm,Seminar in Memory,W3, ,DAVI 307,9,10,7,Coane      
PS342,A,1,,TBA,Collaborative Research in Memory,, , ,9,10, ,Coane      
PS354,A,4,TR, 9:30am-10:45am,Seminar in Emerging Adulthood,, ,DAVI 307,10,10,0,Raag       
PS355,A,1,,TBA,Collaborative Research in Emerging Adulthood,, , ,10,10, ,Raag       
PS374,A,4,MW,11:00am-12:15pm,Seminar: Psychology and Neuroscience,, ,DAVI 307,11,10,1,Glenn      
PS375,A,4,MW, 1:00pm- 2:15pm,Seminar: Human Neuropsychology,, ,DAVI 307,11,10,0,Yeterian   
PS420,A,3,W, 7:00pm- 9:30pm,Senior Integrative Seminar,, ,DAVI 301,17,21,0,ReidMcCart 
PS420,A,3,F, 3:00pm- 4:00pm,Senior Integrative Seminar,, ,DAVI 301,17,21,0,ReidMcCart 
RE111,A,4,TR, 1:00pm- 2:15pm,Religions of India,S, ,LOVE 205,30,30,0,Singh      
RE144,A,4,WF, 1:00pm- 2:15pm,Introduction to the New Testament,L, ,LOVE 119,36,35,2,Parker     
RE182,A,4,TR, 2:30pm- 3:45pm,"Jews, Judaism, and the Modern World",H,I ,LOVE 212,9,35,3,Freidenrch 
RE216,A,4,TR, 8:00am- 9:15am,Church History and Theology in Medieval Europe (See HI216),H, , ,0, , ,"Taylor, L  "
RE221,A,4,TR,11:00am-12:15pm,The Jews of Maine,H,U ,LOVE 344,5,12,0,Freidenrch 
RE224,A,3,MW, 2:30pm- 3:45pm,Jewish Theology (See JS224),, , ,0, , ,Isaacs     
RE246,A,4,MW, 1:00pm- 2:15pm,Engaging Muslim Worlds (See AY246),,I , ,0, , ,Strohl     
RE257,A,4,TR,11:00am-12:15pm,Women in American Religion,H,U ,LOVE 319,19,25,0,"Campbell,D "
RE319,A,4,W, 1:00pm- 3:30pm,Bollywood and Beyond: South Asian Religions through Film,L,I ,LOVE 344,13,12,0,Singh      
RE333,A,4,TR, 9:30am-10:45am,Death and Spirituality,, ,LOVE 344,11,12,0,"Campbell,D "
RE398,A,4,R, 1:00pm- 3:30pm,Was God Married?: Exploring Goddesses of the Ancient Near East,, ,LOVE 344,5,14,0,Parker     
RU120,A,4,TR, 2:30pm- 3:45pm,Russia in Film and Myth (in English),"A,W1", ,LOVE 302,15,16, ,Ansdell    
RU120,A,4,M, 7:00pm- 9:00pm,Russia in Film and Myth (in English),"A,W1", ,LOVE 215,15,16, ,Ansdell    
RU126,A,4,MTWRF,12:00n -12:50pm,Elementary Russian II,, ,LOVE 450,10,19,17,Ansdell    
RU128,A,4,MWF,12:00n -12:50pm,Intermediate Russian,, ,LOVE 344,5,19,17,de Sherbin 
RU128,A,4,T, 8:00am- 8:50am,Intermediate Russian,, ,LOVE 450,5,19,17,de Sherbin 
RU135,A,1,R,11:00am-11:50am,Conversation Group,, ,LOVE 450,2,10, ,Nasonkina  
RU326,A,4,MWF,11:00am-11:50am,Conversation and Composition (Tolstoy: Short Texts),, ,LOVE 450,2,15,12,de Sherbin 
RU335,A,1,,TBA,Conversation Group,, , ,1,10, ,Nasonkina  
RU398,A,2,,TBA,Russian-to-English Translation,, , ,2,10,0,de Sherbin 
RU428,A,4,W, 1:30pm- 4:00pm,The Russian Novel,L, ,LOVE 450,1,10,0,de Sherbin 
SC212,A,4,MTR, 9:00am- 9:50am,Introduction to Statistical Methods,"Q,W2", ,DAVI 201,29,28,8,Scott      
SC212,A,4,W, 9:00am- 9:50am,Introduction to Statistical Methods,"Q,W2", ,DAVI 308,29,28,8,Scott      
SC212,B,4,MTR,10:00am-10:50am,Introduction to Statistical Methods,"Q,W2", ,DAVI 201,28,28,8,Scott      
SC212,B,4,W,10:00am-10:50am,Introduction to Statistical Methods,"Q,W2", ,DAVI 308,28,28,8,Scott      
SC382,A,4,TR, 1:00pm- 2:15pm,Mathematical Statistics II: Inference,, ,KEYE 102,18,28,4,Scott      
SO131,A,4,TR, 9:30am-10:45am,Introduction to Sociology,S,U ,LOVE 205,35,35,3,Sherwood   
SO131,B,4,WF, 1:00pm- 2:15pm,Introduction to Sociology,S,U ,DIAM 145,36,35,2,Macke      
SO131,C,4,TR, 2:30pm- 3:45pm,Introduction to Sociology,S,U ,DIAM 145,35,35,3,Sherwood   
SO218,A,4,TR, 9:30am-10:45am,Contemporary Sociological Theory,, ,DIAM 221,6,25,8,Mayer      
SO231,A,4,MW, 2:30pm- 3:45pm,Contemporary Social Problems,S,U ,DIAM 153,19,35,5,Sherwood   
SO253,A,4,TR, 9:30am-10:45am,Sociology of Sport,, ,DIAM 123,20,20,8,Macke      
SO271,A,4,MW, 1:00pm- 2:15pm,Introduction to Sociological Research Methods,Q, ,DIAM 221,21,18,2,Archibald  
SO276,A,4,TR,11:00am-12:15pm,Sociology of Gender,S,U ,DIAM 123,24,25,7,Mayer      
SO322,A,4,M, 1:00pm- 3:30pm,Social Class and Schooling (See ED322),,U , ,0, , ,Howard     
SO332,A,4,M, 7:00pm- 9:30pm,Nonprofit Organizations and Philanthropy,, ,DIAM 221,18,15,0,Archibald  
SO342,A,4,R, 1:00pm- 3:30pm,Embodiment and Disability,, ,DIAM 221,16,15,3,Macke      
SO355,A,4,T, 1:00pm- 3:30pm,African-American Women and Social Change,,U ,DIAM 221,12,15,4,Gilkes     
SP126,A,4,TWRF, 8:00am- 8:50am,Elementary Spanish II,, ,LOVE 211,18,19,13,Portillo   
SP126,B,4,MTWR, 9:00am- 9:50am,Elementary Spanish II,, ,LOVE 103,19,19,13,Savo       
SP126,C,4,TWRF, 9:00am- 9:50am,Elementary Spanish II,, ,LOVE 211,19,19,13,Portillo   
SP126,D,4,MTWR,11:00am-11:50am,Elementary Spanish II,, ,LOVE 202,19,19,13,Savo       
SP127,A,4,MTWR, 9:00am- 9:50am,Intermediate Spanish I,, ,LOVE 202,18,19,13,"White, B   "
SP127,B,4,MTWR,10:00am-10:50am,Intermediate Spanish I,, ,LOVE 202,18,19,13,"White, B   "
SP127,B2,4,MTWR,10:00am-10:50am,Intermediate Spanish I,, ,LOVE 103,19,19,13,Sheldon    
SP127,C,4,MTWR,11:00am-11:50am,Intermediate Spanish I,, ,LOVE 103,17,19,13,Bollo      
SP127,D,4,MTWR,12:00n -12:50pm,Intermediate Spanish I,, ,LOVE 103,16,19,13,Bollo      
SP127,E,4,MTWR,12:00n -12:50pm,Intermediate Spanish I,, ,LOVE 211,19,19,13,Sheldon    
SP128,A,4,TR, 9:30am-10:45am,Intermediate Spanish II,, ,LOVE 318,9,15,5,Sasaki     
SP128,B,4,TR, 1:00pm- 2:15pm,Intermediate Spanish II,, ,LOVE 318,10,15,5,Savo       
SP131,A,4,TR, 9:30am-10:45am,Conversation and Composition,, ,LOVE 303,13,15,0,Millones   
SP131,B,4,TR,11:00am-12:15pm,Conversation and Composition,, ,LOVE 303,14,15,0,Millones   
SP135,A,4,MW,11:00am-12:15pm,Introduction to Hispanic Literature,L, ,LOVE 212,13,15,5,Garcia     
SP135,B,4,MW, 1:00pm- 2:15pm,Introduction to Hispanic Literature,L, ,LOVE 212,15,15,5,"White, B   "
SP231,A,4,MTWR,11:00am-11:50am,Advanced Spanish,, ,LOVE 302,15,15,1,Olivares   
SP278,A,4,MW,11:00am-12:15pm,"Narratives, Artifacts, and Monuments of Pre-Columbian Civilization",L, ,LOVE 301,15,15,0,Millones   
SP354,A,4,TR, 9:30am-10:45am,Detectives and Spies: Popular Culture in Spanish-American Fiction,L, ,LOVE 301,13,15,8,Olivares   
SP398,A,4,MW, 1:00pm- 2:15pm,U.S. Latina/os: The New Americans,L,U ,LOVE 301,8,15,2,Garcia     
SP493,A,4,TR, 1:00pm- 2:15pm,Seminar: (De)Constructing Femininities,L, ,LOVE 301,11,15,0,Sasaki     
ST112,A,4,M, 2:30pm- 3:45pm,"Science, Technology, and Society",S, ,MILL 014,16,16,0,Fleming    
ST112,A,4,W, 2:30pm- 3:45pm,"Science, Technology, and Society",S, ,DIAM 242,16,16,0,Fleming    
ST112W,A,4,M, 2:30pm- 3:45pm,"Science, Technology, and Society (Writing-intensive)","S,W1", ,MILL 014,16,16, ,Fleming    
ST112W,A,4,W, 1:00pm- 2:15pm,"Science, Technology, and Society (Writing-intensive)","S,W1", ,DIAM 242,16,16, ,Fleming    
ST252,A,4,TR, 9:30am-10:45am,Medicine and Visual Culture (See AR252),A, , ,0, , ,Sheehan    
ST486,A,4,M, 7:00pm- 9:30pm,Senior Project: The Craft of Research,, ,DIAM 242,11,16,0,Fleming    
TD064D,A,,MTWR, 7:00pm-10:00pm,Applied Performance/Production: <I>Servant of Two Masters</I>,, ,RUNN THTR,0,25, ,"Peterson,D "
TD064E,A,,MTWR, 7:00pm-10:30pm,Applied Performance/Production: Perfomance Lab Series,, , ,0,25, ,Coulter    
TD115B,A,2,M, 2:00pm- 4:00pm,Theater Technique Lab: British Dialect Scene Study Workshop,, ,RUNN SMIT,10,15,2,Weinblatt  
TD116B,A,2,TR,11:00am-12:15pm,Ballet Forms Technique Lab: Intermediate,, ,RUNN 201,10,15,7,"Allen, O   "
TD117A,A,2,TR, 1:00pm- 2:15pm,Contemporary Dance Technique Lab: Beginning Level,, ,RUNN 201,14,15,4,Lyons      
TD117B,A,2,MW, 1:00pm- 2:15pm,Contemporary Dance Technique Lab: Intermediate Level,, ,RUNN 201,9,15,2,Kloppenbrg 
TD135,A,4,TR,11:00am-12:15pm,Introduction to Design,A, ,RUNN 203,16,16,7,Thurston   
TD139,A,4,M, 1:00pm- 4:00pm,Stagecraft I,A, ,RUNN SHOP,4,4,0,Ervin      
TD139,B,4,T, 1:00pm- 4:00pm,Stagecraft I,A, ,RUNN SHOP,4,4,0,Ervin      
TD139,C,4,R, 1:00pm- 4:00pm,Stagecraft I,A, ,RUNN SHOP,4,4,0,Ervin      
TD226,A,4,MWF,10:00am-10:50am,Performance History II,L, ,RUNN 110,15,15,12,"Peterson,D "
TD264D,A,2,MTWR, 7:00pm-10:00pm,Applied Performance/Production: <I>Servant of Two Masters</I>,, ,RUNN THTR,2,25, ,"Peterson,D "
TD264E,A,2,MTWR, 7:00pm-10:30pm,Applied Performance/Production: Performance Lab Series,, , ,1,25,0,Coulter    
TD285,A,4,MW, 2:30pm- 4:00pm,Choreographic Process,A, ,RUNN 201,9,12,0,Kloppenbrg 
TD339,A,4,W, 1:00pm- 4:00pm,Stagecraft III,, ,RUNN SHOP,0,4,0,Ervin      
TD361,A,4,T, 8:00am-10:50am,Advanced Topics in Performance: <I>29 Effeminate Gestures</I> - Advanced Composition,, ,RUNN SMIT,3,12,11,Coulter    
TD493,A,4,R, 1:00pm- 4:00pm,Senior Seminar,, ,RUNN 110,12,15,0,Coulter    
WG201,A,4,TR, 9:30am-10:45am,"Introduction to Women's, Gender, and Sexuality Studies",,U ,LOVE 319,19,20,0,"Thomas, S  "
WG232,A,4,MW,11:00am-12:15pm,Queer Identities and Politics,,U ,LOVE 119,18,25,1,Beam       
WG276,A,4,TR,11:00am-12:15pm,Sociology of Gender (See SO276),S,U , ,0, , ,Mayer      
WG335,A,4,MW,11:00am-12:15pm,"Girls, Activism, and Popular Culture",,U ,DIAM 123,20,18,0,"Brown, L   "
WG398,A,4,M, 1:00pm- 3:30pm,"Activism, Inc.: Queer and Feminist Organizing since 1969 (See AM398)",,U , ,0, , ,Beam       
WG493,A,4,R, 1:00pm- 3:30pm,"Seminar: Identity Formation, Social Movement, and Gender",, ,MILL 241,8,15,0,"Thomas, S  "
